poi_lon,poi_lat,count
-321104.59,4463913.567,1782
-321140.3042,4463936.822,1764
-324364.6959,4464061.155,1762
-321170.7548,4463839.662,1476
-328440.7623,4472627.342,1472
-327897.2632,4470948.18,1366
-321085.4639,4463939.826,1362
-327817.8539,4471038.795,1327
-327793.7351,4471018.76,1307
-337768.7326,4475134.234,1216
-327780.5313,4471022.033,1212
-321080.1794,4463871.009,1160
-328484.0941,4472646.358,1024
-327780.0577,4471043.282,902
-327838.1346,4470914.789,899
-328482.8283,4472729.601,864
-327857.6976,4470905.691,859
-337821.0093,4475139.577,757
-327779.0774,4471060.77,730
-324019.7281,4463850.989,640
-337693.9747,4475012.325,609
-321065.027,4463713.013,598
-321084.4954,4463666.487,588
-327774.9283,4471081.627,528
-328450.5925,4472840.705,517
-328392.7345,4472934.815,473
-328633.5959,4472827.918,454
-324417.5154,4463911.437,449
-328607.1987,4472818.532,436
-328649.2656,4472829.164,434
-324390.472,4464268.807,392
-324359.5066,4464215.778,390
-328628.7405,4472850.996,389
-327739.0116,4471068.331,388
-328317.454,4471774.012,351
-337849.5414,4475151.445,349
-322947.4438,4474301.383,348
-328567.2754,4472722.038,346
-327807.653,4471113.926,345
-322906.5579,4474292.746,336
-322892.9219,4474289.907,328
-322896.6027,4474290.309,328
-322902.2875,4474289.014,326
-328552.0376,4472802.452,323
-327826.7487,4471117.866,323
-322887.4435,4474289.31,319
-324445.8568,4463958.391,311
-321293.3864,4463948.439,308
-322882.28,4474285.03,303
-322874.3237,4474289.681,296
-325753.7778,4470843.646,294
-325726.1039,4470826.925,293
-322870.9227,4474287.508,287
-329018.5273,4472757.043,284
-324090.4565,4463764.499,282
-329098.0577,4472857.248,276
-326894.9921,4465955.494,271
-323053.2442,4474307.934,262
-322855.0398,4474289.864,259
-323033.9636,4474295.221,259
-324034.8117,4473599.977,253
-328314.7465,4472159.078,248
-323064.1849,4474310.388,247
-322833.1084,4474354.677,245
-328796.2677,4470800.569,243
-328762.0807,4470811.868,241
-329126.4161,4472859.111,229
-328244.0676,4473779.97,226
-328859.335,4470711.783,220
-328863.9071,4470710.246,220
-323036.7263,4474284.98,220
-328298.1033,4472113.444,218
-322837.7954,4474283.896,216
-328221.015,4470918.942,214
-328406.6642,4472017.257,211
-322830.1189,4474286.775,208
-322810.955,4474348.928,206
-323777.5598,4473450.558,206
-323061.4722,4474502.01,204
-324329.294,4478248.996,203
-328248.8876,4473128.938,201
-328234.8748,4470914.514,200
-328230.5244,4470915.614,200
-327706.6504,4471041.175,198
-315417.4149,4462938.455,198
-326649.7537,4470923.46,193
-322822.7573,4474285.972,193
-322804.736,4474348.767,191
-328319.7447,4470897.247,191
-330247.5196,4474729.596,191
-323085.3742,4474309.096,190
-322900.1795,4474428.509,188
-327630.677,4473766.819,188
-328245.0767,4470911.116,187
-330179.8666,4474645.502,186
-322815.2445,4474290.21,185
-328302.5075,4470891.29,184
-327531.7471,4473834.147,184
-327586.4995,4473765.14,184
-327563.3063,4473836.323,184
-327512.8108,4473832.848,184
-328294.5186,4470893.793,183
-328338.0399,4470879.483,183
-327538.0592,4473834.58,183
-328272.6838,4470902.022,183
-329014.1719,4472884.151,183
-328287.0511,4470896.444,182
-327525.435,4473833.714,182
-328290.4179,4470895.383,182
-328314.4685,4470886.947,181
-328298.5008,4470892.653,181
-327519.1229,4473833.281,181
-328332.7852,4470880.529,180
-327544.3713,4473835.013,180
-328344.4114,4470877.264,180
-328277.7973,4470899.496,180
-327550.6834,4473835.446,180
-327490.4721,4473831.288,178
-323811.3405,4473502.913,178
-328264.9862,4470904.636,177
-326715.9543,4470865.633,177
-327462.1845,4473829.381,175
-326737.5062,4470867.484,175
-328291.7529,4472152.692,173
-329163.8086,4472815.173,173
-327612.3585,4473751.034,173
-328257.3118,4470907.039,172
-327448.045,4473828.428,172
-324032.1969,4473745.796,171
-328295.574,4473252.948,171
-324036.5038,4473740.151,169
-327433.9067,4473827.463,169
-327906.7261,4470668.136,168
-327419.7672,4473826.51,168
-327405.6277,4473825.557,168
-322807.8399,4474286.148,168
-324033.7358,4473714.247,165
-327392.3885,4473829.986,163
-328293.109,4473319.319,162
-324396.2313,4463593.901,162
-328292.2466,4473326.231,161
-329145.2677,4472863.424,161
-330130.5593,4474616.577,161
-322803.9649,4474287.527,161
-326751.668,4467553.55,157
-327572.572,4473739.969,152
-328253.1224,4473723.277,151
-322798.6807,4474285.149,149
-327282.0683,4473840.094,147
-328537.8274,4471461.855,146
-329231.5458,4473094.596,146
-323523.8137,4474417.303,145
-327290.5121,4473840.84,145
-324006.7796,4474160.251,145
-337464.0579,4474896.6,144
-324003.8613,4470680.894,144
-328280.5865,4473596.893,142
-328325.4408,4473554.447,141
-337882.6473,4475154.67,140
-329116.342,4473054.917,139
-328287.5651,4473455.757,138
-329240.261,4472624.697,138
-331724.6687,4475535.994,138
-325620.2436,4470815.388,136
-331796.0884,4475635.385,135
-327468.2493,4466598.611,135
-322800.4181,4474273.028,135
-328985.34,4470625.802,132
-326606.4275,4478591.184,131
-323985.6598,4470702.448,130
-326595.7623,4478590.847,129
-329152.0513,4472874.251,128
-323797.0549,4472989.485,126
-326519.8076,4478588.486,125
-322604.0292,4463815.772,122
-330103.3473,4474599.614,120
-330047.0878,4474482.888,119
-323605.845,4460296.642,118
-329152.3049,4472879.044,117
-325921.2871,4466791.21,117
-329589.1318,4466172.225,116
-326129.2967,4478549.078,116
-326440.7197,4478589.432,114
-324245.2344,4470682.481,112
-336468.0419,4474904.11,111
-329308.8158,4472743.717,111
-323897.1763,4471878.014,110
-323886.8728,4471960.697,110
-323983.0093,4470727.861,109
-330307.2701,4474678.491,109
-324975.5817,4477898.16,108
-323225.0046,4474378.164,108
-330486.9225,4478745.575,107
-323913.9122,4471880.121,106
-324335.7693,4465734.635,106
-331757.0723,4475608.291,106
-327083.6978,4473715.465,106
-327916.684,4470645.133,104
-330335.1915,4474846.627,102
-323891.7089,4471719.883,102
-327885.8013,4478860.547,102
-329158.2368,4472885.08,100
-329595.3519,4466102.445,99
-329195.531,4466284.698,99
-328066.4205,4478873.848,99
-323996.7978,4473503.807,98
-324375.6763,4478395.809,97
-323217.6598,4474288.285,97
-323170.1114,4474281.961,95
-331762.9243,4475461.158,95
-323183.1767,4474285.188,95
-329238.5697,4472531.676,93
-323467.0201,4474405.136,93
-331495.4278,4475385.906,93
-328346.3052,4478789.189,91
-329170.0117,4473018.917,91
-324154.9513,4470726.547,91
-330051.554,4462496.904,90
-326431.2406,4473745.697,90
-323884.6522,4470703.911,89
-324352.6167,4464704.232,88
-328494.0321,4472974.014,88
-323805.175,4471709.046,88
-324458.4807,4478483.656,88
-325851.5613,4465813.744,87
-328368.8469,4478753.49,87
-326423.6613,4473770.605,86
-326427.7464,4473690.413,86
-328329.2799,4478823.625,86
-329967.5566,4462590.254,86
-329970.8143,4474240.787,85
-324174.168,4464116.252,84
-327344.2937,4470919.408,83
-326861.098,4473786.167,83
-328421.5449,4478799.59,83
-323707.0546,4461605.756,82
-323929.1319,4473513.473,80
-331421.6253,4464712.833,80
-326343.0746,4473742.869,79
-323603.0141,4474593.034,79
-327027.8356,4473793.938,78
-323847.0055,4475193.661,78
-326720.1802,4473820.156,77
-329245.9072,4472763.212,77
-324195.7015,4465525.196,76
-323443.6769,4474404.176,76
-331436.4291,4475397.733,76
-329730.873,4464810.309,75
-329810.1655,4464052.255,74
-323685.3254,4474800.046,74
-326700.9732,4466430.851,74
-328535.2374,4473039.861,73
-333985.8907,4475663.868,73
-326129.7373,4467650.638,73
-329825.843,4463919.506,73
-329790.7212,4464851.385,73
-325154.157,4473656.269,73
-325841.604,4473657.152,73
-326260.7812,4470799.118,73
-323920.9493,4473558.195,73
-325193.9845,4473660.454,72
-329972.6629,4474247.298,72
-326358.7684,4473662.045,72
-326343.0877,4473776.775,70
-323906.5986,4471503.176,70
-323770.4428,4472270.857,70
-323883.3452,4471999.462,70
-330818.6221,4477541.653,70
-324523.182,4470624.758,70
-325864.8128,4473684.956,69
-328294.0697,4474703.693,69
-325738.9447,4473655.753,69
-329808.2137,4464070.616,68
-324575.6748,4470628.73,68
-337895.5806,4475128.352,68
-326164.0096,4467718.112,67
-325568.3185,4470828.974,67
-329305.0097,4472777.184,67
-324255.7758,4465153.032,66
-325594.5501,4470831.773,66
-325576.5685,4470829.853,66
-325561.6529,4470828.268,66
-324629.1343,4470634.565,66
-325586.8996,4470830.959,66
-325141.8754,4473589.992,65
-324493.6832,4470619.579,65
-326177.7793,4467715.64,65
-324147.6249,4465548.601,64
-324466.7252,4470620.5,64
-323883.3118,4470737.576,64
-325657.6633,4473670.154,63
-326127.5462,4467733.073,63
-326005.3852,4467665.337,63
-322855.7302,4471924.356,63
-329100.695,4472905.12,62
-325529.3188,4473661.296,62
-326697.463,4473711.796,62
-326652.8207,4483185.247,62
-325552.4581,4473662.892,61
-320476.9046,4473063.99,61
-329956.7703,4474310.417,61
-325691.7998,4473672.514,61
-325518.781,4478679.034,61
-325568.8646,4473664.022,61
-323958.7817,4473621.827,61
-325608.4704,4473666.755,61
-326209.0237,4467701.866,60
-326728.1332,4473703.971,60
-337312.1513,4475123.758,60
-326717.534,4473701.863,60
-328134.9725,4473044.268,60
-329352.2695,4468301.608,59
-329303.0163,4470363.329,59
-323883.1672,4470743.113,59
-322852.3888,4471896.736,58
-325893.1232,4467667.548,58
-325212.7118,4465754.089,58
-325632.5208,4473668.417,58
-326494.7726,4473776.556,57
-325621.7445,4473641.636,57
-326739.5746,4473704.402,57
-326210.2378,4467717.655,57
-323332.2351,4474387.724,56
-327938.839,4470646.637,56
-329310.6818,4470276.349,56
-328227.7795,4478720.794,55
-326500.8698,4473685.197,55
-329247.1524,4472800.952,55
-326883.9893,4473818.581,55
-323882.314,4470746.725,55
-329247.1411,4472815.257,54
-328735.4379,4473019.661,54
-323389.458,4474393.18,54
-325760.0607,4479418.272,54
-324198.4016,4465111.926,54
-329331.239,4472530.105,54
-329242.8633,4472814.753,54
-324807.4804,4473622.204,54
-325489.5367,4473606.709,54
-326772.6258,4473706.479,53
-326019.2435,4467743.093,53
-329316.0008,4472499.829,53
-326408.1616,4471834.495,52
-326756.4574,4473852.73,52
-326771.8726,4472606.659,52
-326488.4497,4473789.752,52
-326513.2327,4473760.758,52
-324238.6407,4465373.649,52
-336106.0404,4475195.883,51
-326757.6033,4483139.771,51
-326785.4711,4473699.551,51
-313982.1809,4467065.07,51
-326764.5918,4473706.342,51
-324261.6294,4465378.833,50
-326756.5844,4473705.33,50
-326786.5711,4473697.182,50
-326719.422,4473834.908,49
-326877.2121,4473836.154,49
-328111.405,4473115.736,48
-326522.9898,4473754.415,48
-325447.9716,4473587.351,47
-326774.0971,4473691.94,46
-324199.2094,4464781.028,46
-326684.3146,4473704.961,46
-329301.9805,4472836.556,46
-323888.7771,4471769.154,46
-328130.605,4473123.103,45
-326959.8989,4473813.325,45
-324339.4371,4465126.927,44
-326697.126,4473831.7,44
-326309.0661,4473656.243,44
-329401.5621,4468605.691,44
-326948.5062,4473819.41,44
-325088.833,4473116.939,43
-325412.0759,4463104.191,43
-329310.5025,4472853.015,42
-323775.477,4472450.407,42
-326368.0466,4480493.267,42
-331050.5273,4470365.153,42
-326949.7709,4473823.919,41
-322851.2155,4471880.548,41
-326664.8522,4473709.655,41
-324814.6623,4473563.62,40
-328476.4421,4472438.09,40
-327054.2824,4483084.507,40
-326597.2542,4473691.393,39
-327961.2201,4470903.272,38
-326388.1732,4467660.202,38
-326958.2813,4473830.54,38
-329665.9649,4472125.148,38
-325447.2685,4461781.971,38
-326641.6926,4473696.767,38
-325514.2169,4481017.744,38
-324331.2704,4464592.209,38
-325808.0376,4465892.86,38
-326837.2944,4483141.126,37
-326548.8457,4473776.778,37
-324900.8331,4481103.046,37
-324234.8982,4475638.29,37
-323776.793,4472516.405,36
-329284.973,4473095.598,36
-320355.2638,4474057.967,36
-326100.9629,4473718.978,35
-326251.5329,4473763.203,35
-325101.7902,4481076.28,35
-329263.0175,4468948.128,35
-320353.5675,4474039.314,35
-326276.4872,4473651.201,35
-325055.2863,4481080.218,34
-328200.8345,4474783.384,34
-329158.7478,4472935.265,34
-324232.1159,4464973.407,34
-320409.9016,4474119.427,34
-327952.7897,4467722.618,34
-323828.6745,4472582.064,34
-326918.062,4467543.866,33
-326826.921,4467494.792,33
-322683.159,4470482.074,33
-326248.3046,4480897.89,33
-326177.4013,4473748.521,33
-325009.0777,4481087.624,33
-326603.5081,4472117.311,32
-325245.211,4481150.582,32
-324259.7329,4463726.512,32
-325768.5926,4472972.033,32
-325549.9747,4461335.616,32
-324358.8413,4462894.342,32
-326219.8065,4473763.278,32
-324229.847,4464995.752,32
-326931.0197,4467542.962,31
-326581.2835,4466457.037,31
-326590.5533,4472141.293,31
-324900.8258,4477646.841,31
-329540.313,4466639.102,31
-329296.4666,4472893.695,30
-326982.5339,4472324.304,30
-327467.9398,4482864.198,30
-320361.9035,4473999.441,30
-323968.5395,4470901.196,30
-329549.0999,4466550.668,30
-320358.3537,4474012.017,29
-325820.4304,4473006.978,29
-324826.2201,4472833.057,29
-329550.5787,4466535.758,29
-325542.6329,4461441.465,29
-325552.5809,4461309.466,29
-328290.2235,4474586.015,28
-323294.5144,4470653.888,28
-327426.1964,4467127.462,28
-322873.6834,4470486.729,28
-326995.5779,4472303.159,28
-325314.4153,4470672.58,28
-328168.8126,4474721.439,28
-320381.7447,4474207.136,28
-323362.3205,4470534.506,28
-320468.2643,4470325.582,28
-329235.5524,4473011.967,28
-325902.0162,4473017.976,28
-327930.4883,4467721.979,28
-325706.6056,4472998.188,28
-325847.0504,4472898.92,27
-328295.1749,4474496.947,27
-329182.5117,4474624.054,27
-328973.5507,4472693.267,27
-322241.4405,4470543.116,27
-326917.7574,4472077.813,27
-320375.3816,4474214.361,27
-325918.96,4472906.978,27
-328261.4787,4474413.145,27
-320386.4745,4473220.811,27
-329164.797,4472997.594,26
-323954.3257,4471047.549,26
-325539.4998,4461477.706,26
-327369.2565,4467686.426,26
-320356.2964,4470342.635,26
-323927.6755,4468501.185,26
-325928.3569,4472909.234,26
-325060.0138,4473531.979,26
-327958.5016,4470696.035,26
-320392.3969,4470292.906,25
-325114.2408,4481165.334,25
-320377.2883,4473256.953,25
-325459.6201,4461672.828,25
-327468.2872,4478376.219,24
-325460.9364,4461657.8,24
-328610.4476,4472995.476,24
-320347.7121,4474212.67,24
-323345.3347,4470527.192,24
-322969.5942,4472044.513,24
-326621.0356,4480507.536,24
-325065.6663,4474448.409,24
-326374.4054,4473027.185,24
-325091.051,4474515.793,23
-325829.1288,4472894.752,23
-325820.2752,4474564.133,23
-329159.9541,4472956.001,23
-325097.1354,4474517.584,23
-324094.3021,4483386.013,23
-327104.9045,4472956.371,23
-324978.5967,4483361.709,23
-325076.0579,4474512.847,23
-325613.3605,4467909.74,23
-326212.0821,4474592.653,23
-325517.4604,4461173.233,22
-325133.3341,4474556.257,22
-323326.2915,4470525.477,22
-327424.589,4467142.154,22
-320446.307,4474103.227,22
-318999.5465,4481408.355,22
-320514.0022,4473020.104,21
-320837.791,4470443.225,21
-320502.629,4474118.924,21
-330061.7285,4444832.735,21
-320324.0443,4474388.144,21
-322671.9749,4474279.443,21
-325000.039,4474497.528,21
-330715.455,4475297.837,21
-325264.2174,4472796.685,21
-325070.309,4474576.431,21
-323826.5659,4470699.435,21
-325521.9845,4461654.304,21
-325514.7995,4461681.464,21
-329609.155,4466855.896,21
-326826.6218,4480194.567,21
-324953.2154,4475165.843,21
-320417.0337,4473746.314,21
-324953.4379,4475151.055,21
-326590.9969,4480465.737,21
-326871.3097,4472698.256,21
-326865.6792,4473882.268,21
-324954.0335,4475141.411,20
-325160.7988,4483451.188,20
-320528.4227,4474191.551,20
-320430.4179,4474186.593,20
-50021.15457,3588157.739,20
-326815.8253,4472636.152,20
-331060.5538,4470375.91,20
-318850.2559,4481366.056,20
-327914.1463,4467718.388,20
-320338.8849,4474223.76,20
-325352.735,4462334.727,20
-329983.6774,4464613.901,19
-326174.2717,4473006.665,19
-327058.1787,4482929.842,19
-319532.5299,4474763.162,19
-320423.8395,4474187.274,19
-333542.7226,4466721.274,19
-326950.8819,4467480.344,19
-320733.4044,4474127.748,19
-326501.3876,4473630.544,19
-325030.8896,4466104.194,19
-320327.2524,4474406.591,19
-327529.5536,4467579.397,19
-322216.7956,4474247.659,19
-320555.602,4474195.363,19
-326357.1481,4473025.657,19
-320435.7306,4474189.029,19
-322305.4008,4474240.612,19
-320332.8307,4473614.972,18
-325037.6677,4474934.647,18
-322354.9631,4474246.013,18
-319251.0251,4478209.222,18
-319275.3061,4478332.303,18
-324983.873,4475616.91,18
-320631.3122,4474115.124,18
-320624.1349,4474115.019,18
-322367.8886,4474247.422,18
-320631.171,4474202.59,18
-325118.3685,4466104.837,18
-324764.2995,4466278.704,18
-322380.7513,4474249.567,18
-326312.2912,4470770.893,18
-320334.6471,4474412.181,18
-322532.5239,4474259.634,18
-322317.3422,4474231.022,18
-323872.125,4475392.293,18
-322332.964,4474243.616,18
-322342.2721,4474247.22,18
-322511.7325,4474258.235,17
-318927.3406,4480066.3,17
-325133.2398,4474582.626,17
-324992.6016,4475596.577,17
-318932.7131,4480170.49,17
-320330.2417,4473638.79,17
-322420.0491,4474245.674,17
-320334.5218,4474305.316,17
-320616.6817,4474097.541,17
-326620.2168,4474156.704,17
-327119.8156,4479223.722,17
-319268.2211,4478290.147,17
-320792.6262,4474210.263,17
-322513.8919,4474258.29,17
-318976.8529,4480123.487,17
-319209.1155,4479657.292,17
-326779.3321,4474035.158,17
-322327.8421,4474228.461,17
-325195.7632,4474435.795,17
-318941.4602,4480158.491,17
-327482.23,4478311.536,17
-320719.8753,4474208.656,16
-324983.2272,4474651.205,16
-318779.1172,4480575.532,16
-319182.7672,4479698.234,16
-330148.6661,4462085.366,16
-319209.7974,4479655.001,16
-319197.178,4479668.381,16
-325661.3011,4483451.25,16
-319230.8855,4479631.393,16
-326652.503,4474114.655,16
-318776.9388,4480595.566,16
-324982.8311,4474665.523,16
-319178.5942,4479702.386,16
-325382.5873,4461599.651,16
-328095.658,4478362.546,16
-327793.0854,4475916.411,16
-319265.3742,4478278.993,16
-319330.649,4478571.469,16
-326638.8658,4472603.686,16
-324982.6554,4474675.686,16
-324961.76,4474951.542,16
-324978.1517,4474727.49,16
-319254.4608,4478599.582,16
-319205.5927,4472503.336,16
-327800.42,4475964.178,16
-326372.2954,4467545.887,16
-320336.8787,4474266.112,16
-329236.6467,4474166.736,16
-324994.0878,4474444.288,16
-327472.8288,4478291.715,16
-324965.4714,4474913.562,16
-318822.11,4481227.71,16
-319263.9869,4478266.195,16
-324979.9897,4474706.403,16
-319196.3791,4479675.727,16
-326667.7457,4474107.347,16
-329292.7271,4472939.888,16
-319161.0793,4478284.085,16
-325042.8641,4474845.861,16
-326567.9686,4474197.108,16
-325845.8262,4467561.17,16
-318987.6801,4480126.579,16
-320857.7896,4474205.189,16
-324981.2498,4474686.402,16
-324958.5516,4475026.826,16
-318783.0955,4480607.384,16
-320408.9267,4470397.146,15
-324968.5573,4474876.865,15
-319268.6257,4478532.99,15
-319187.4376,4479689.507,15
-328141.0221,4478350.048,15
-324983.0968,4474656.755,15
-320383.3041,4470395.152,15
-324615.7076,4481796.48,15
-326309.8185,4480912.209,15
-324952.3153,4475256.922,15
-318999.6321,4480118.532,15
-318947.9995,4482080.865,15
-329324.1367,4473072.853,15
-318940.5521,4480047.466,15
-326653.3939,4474098.217,15
-324970.1898,4474865.183,15
-327490.1828,4467709.627,15
-318817.7662,4481093.259,15
-324951.2739,4475284.979,15
-320878.0683,4474211.449,15
-320399.2917,4470396.663,15
-322451.2931,4474249.079,15
-320391.3083,4470396.371,15
-324961.1984,4474965.391,15
-325002.0501,4474517.876,15
-318815.7706,4481026.238,15
-318775.9295,4480588.136,15
-325098.8261,4474404.368,15
-328125.834,4478630.025,15
-319256.3774,4478620.962,15
-324979.4002,4474718.131,15
-320395.6552,4470395.919,15
-326642.7885,4474112.701,15
-328043.4183,4477687.132,15
-320403.5734,4470396.892,15
-320380.4352,4470394.841,15
-326636.8325,4474226.943,15
-319159.7808,4479705.081,15
-319001.3162,4480068.826,15
-319159.0032,4478257.237,15
-319258.2869,4478647.184,15
-319133.2407,4479761.318,15
-324779.5472,4481508.751,15
-314368.2401,4463444.713,15
-324983.9825,4474631.622,15
-324982.1509,4474669.605,15
-322947.787,4482672.326,15
-329257.7,4474161.074,15
-329236.8252,4474159.354,15
-318959.4725,4480000.164,15
-314368.8629,4463438.52,15
-327802.1063,4475901.462,15
-324957.3855,4474995.983,15
-318952.4108,4482066.164,15
-320388.8304,4470396.687,15
-320375.4188,4470394.994,15
-329281.2758,4473422.848,14
-324970.9954,4474850.291,14
-320437.0529,4470398.906,14
-330001.5785,4464598.358,14
-327790.1025,4476012.881,14
-326633.9513,4474111.913,14
-325549.4339,4461215.303,14
-324999.6478,4474423.147,14
-319068.1359,4477025.362,14
-319108.8915,4479793.671,14
-319309.191,4478437.736,14
-326792.8602,4472636.093,14
-320423.7293,4470399.914,14
-329297.6293,4473007.206,14
-319105.546,4476743.106,14
-329284.0051,4473395.481,14
-329250.6641,4474097.993,14
-326626.3417,4474117.793,14
-328138.3135,4478253.413,14
-324819.9458,4481476.062,14
-319337.213,4479409.73,14
-319065.5015,4477044.828,14
-318850.8041,4480411.251,14
-328052.7856,4478099.915,14
-321307.5914,4474118.99,14
-320247.5878,4474265.301,14
-328881.8668,4472281.068,14
-319311.7587,4478473.826,14
-324963.3239,4474922.586,14
-329327.3445,4473054.223,14
-319256.8899,4478643.316,14
-319068.187,4477027.282,14
-319257.6092,4478653.417,14
-319064.083,4477057.884,14
-320880.3945,4474229.237,14
-324156.2963,4465110.82,14
-326307.8994,4480921.258,14
-324970.9418,4474860.366,14
-328029.7395,4478023.079,14
-329283.461,4473619.777,14
-324963.1782,4474934.138,14
-328206.1149,4474537.401,14
-319002.1115,4480129.95,14
-319245.4502,4478545.369,14
-319017.0586,4482052.229,14
-318819.07,4481103.547,14
-326611.0217,4474123.989,14
-319333.1067,4472397.445,13
-324632.5817,4481793.89,13
-319050.6115,4479889.273,13
-333956.7613,4462959.622,13
-329162.3306,4472972.473,13
-319205.264,4479788.352,13
-324613.1958,4481807.401,13
-324976.1756,4474545.999,13
-328129.2299,4478217.707,13
-319067.1833,4477036.52,13
-319019.1116,4480076.28,13
-329249.7444,4474049.745,13
-329338.3693,4473053.812,13
-318900.7936,4480327.946,13
-319230.6532,4478492.149,13
-322461.9763,4472679.907,13
-328051.1053,4478089.513,13
-320251.374,4474176.295,13
-318807.7519,4480397.336,13
-319121.5525,4476684.867,13
-318837.9591,4480239.694,13
-324975.7295,4474418.56,13
-328130.9372,4478202.169,13
-328137.098,4478260.218,13
-329289.4888,4473320.72,13
-318764.9909,4481125.347,12
-325678.6665,4472884.714,12
-325236.2997,4474420.551,12
-324973.0951,4474385.529,12
-324976.0729,4474559.932,12
-319171.726,4476380.033,12
-324972.5996,4474394.261,12
-319174.5001,4476748.875,12
-318947.5012,4479969.391,12
-325708.2902,4472885.746,12
-329255.9122,4474020.818,12
-320420.3532,4470422.464,12
-337729.7067,4469658.313,12
-324940.9054,4472937.351,12
-315314.5101,4463170.988,12
-319122.8838,4476667.354,12
-326531.638,4474182.518,12
-333817.1267,4464079.741,12
-328006.3451,4478038.094,12
-329311.2769,4473913.766,11
-324975.9795,4474554.369,11
-324967.1528,4474588.355,11
-320241.2316,4474149.291,11
-329358.4359,4473081.059,11
-319258.1931,4478144.56,11
-318887.5887,4482154.385,11
-326315.4691,4480929.185,11
-319260.8771,4478739.585,11
-320252.1203,4474189.507,11
-328987.2931,4472971.173,11
-320211.2706,4474550.778,11
-324975.3731,4474566.332,11
-329208.73,4473407.376,11
-318887.5563,4482141.959,11
-319235.4927,4476394.214,11
-329811.5457,4446340.621,11
-330106.468,4444760.004,10
-329011.8093,4473022.383,10
-333974.6452,4462848.906,10
-329204.6046,4473383.953,10
-326325.4432,4480930.584,10
-319170.9284,4476287.198,10
-328033.612,4469784.696,10
-324628.8061,4481813.267,10
-325010.8129,4475336.623,10
-330826.5445,4478118.791,10
-324617.0594,4481822.298,10
-327721.7344,4467676.97,10
-324641.2577,4481804.832,10
-327570.3533,4467545.226,10
-325095.8242,4474373.91,10
-320246.1712,4474219.695,10
-324673.061,4483458.561,9
-320348.6939,4474558.669,9
-319132.3654,4477274.799,9
-320209.2922,4474520.382,9
-319024.0716,4477433.304,9
-327718.4546,4467789.556,9
-329364.721,4473017.223,9
-326252.6534,4483881.15,9
-325222.3855,4474409.083,9
-319132.4669,4477229.888,9
-324963.1849,4474544.151,9
-320190.3558,4474694.568,9
-327741.1538,4467803.192,9
-314098.823,4466710.147,9
-333740.1759,4464080.832,9
-324916.9404,4474414.566,9
-325155.0434,4478173.865,9
-319009.3196,4477432.197,8
-324937.0846,4474811.857,8
-322164.4821,4474337.543,8
-333731.3574,4464079.748,8
-333735.4053,4464080.261,8
-329592.55,4464581.006,8
-327797.1722,4467825.252,8
-327602.4082,4467762.099,8
-326886.3396,4473995.056,8
-325467.2081,4462219.096,8
-327799.8083,4467814.558,8
-318902.6204,4481172.996,8
-324961.0968,4474556.673,8
-318901.5926,4481167.569,8
-319132.8637,4477247.747,8
-319120.0794,4477443.624,8
-327871.5214,4475339.223,8
-322882.9668,4472068.939,8
-328507.026,4465957.082,8
-319131.6206,4477265.799,8
-333727.6781,4464079.433,8
-328997.5282,4473020.015,8
-325011.6031,4475465.373,8
-318906.2174,4481182.645,7
-319107.6713,4477889.399,7
-319058.7026,4477559.141,7
-333722.8769,4464078.825,7
-319033.8218,4477549.117,7
-319059.7504,4477571.405,7
-325012.0649,4475444.124,7
-319016.0319,4477541.553,7
-319070.5107,4477696.788,7
-318956.4561,4481608.234,7
-319067.821,4477684.897,7
-326324.2914,4480941.947,7
-319021.1939,4477545.83,7
-324882.7654,4475352.738,6
-324885.0321,4475350.148,6
-333719.739,4464078.559,6
-319127.9602,4478288.638,6
-319010.7698,4477482.985,6
-324884.8639,4475331.409,6
-333716.0438,4464078.073,6
-314746.6762,4469508.288,6
-324866.2518,4475357.139,6
-319003.2137,4477497.953,6
-325261.4932,4474399.934,6
-326466.3204,4473566.092,6
-325364.7647,4461611.923,6
-326485.7274,4473566.652,5
-318889.957,4482058.029,5
-323347.847,4468559.095,5
-328863.9563,4472082.226,5
-327978.0822,4470891.377,5
-326998.9681,4483165.358,5
-325511.7681,4473536.76,5
-319179.044,4476169.216,5
-326486.2718,4473573.47,5
-326976.584,4483170.13,5
-326490.1534,4473585.654,5
-324485.2525,4468360.82,5
-326487.4541,4473559.429,5
-324649.7327,4481812.237,5
-334626.6366,4469567.678,5
-322847.2015,4471756.921,5
-328790.932,4473244.303,5
-324865.161,4475443.151,4
-326357.3915,4472572.209,4
-324563.8032,4468336.567,4
-331058.8906,4475078.316,4
-326491.881,4473603.9,4
-49998.64827,3588302.05,4
-325721.17,4467547.535,4
-333710.3877,4464077.506,4
-328626.6925,4472653.074,4
-324589.4537,4468327.516,4
-324069.9344,4474479.609,4
-324854.7804,4475334.596,4
-331061.8809,4474874.181,4
-322949.7002,4471455.667,4
-325095.97,4474174.989,3
-324846.1195,4475362.394,3
-328033.2874,4470870.968,3
-329824.4452,4468641.892,3
-325030.8877,4473954.453,3
-328055.1933,4468533.202,3
-319181.117,4476106.456,3
-323804.0155,4468388.416,3
-328055.8156,4468430.867,3
-297760.1424,4484752.253,3
-320266.666,4473676.251,3
-324834.9478,4476141.677,3
-331078.011,4474874.527,3
-326185.7082,4470646.236,3
-325910.0104,4469680.548,3
-330457.2883,4466263.954,3
-326764.021,4471861.595,3
-328055.8327,4468419.232,3
-328051.6761,4468467.315,3
-329019.0804,4473255.713,3
-328015.7359,4470807.54,3
-328841.4048,4468031.706,3
-324862.817,4475465.062,3
-329689.1266,4468581.146,2
-326095.9,4469916.745,2
-328139.3206,4468884.843,2
-328050.6786,4468714.92,2
-324847.7654,4475441.204,2
-333394.913,4466807.062,2
-326089.2795,4469852.585,2
-326119.1577,4469937.186,2
-323028.3163,4473406.011,2
-325900.9849,4469697.381,2
-323223.8673,4469648.585,2
-324936.103,4474542.992,2
-323049.5636,4474630.232,2
-325124.7819,4473773.126,2
-328140.1228,4468864.779,2
-328052.7488,4468899.194,2
-328906.6232,4467970.063,2
-328017.5327,4470817.56,2
-325912.8149,4469697.795,2
-326015.1342,4469803.018,2
-324918.297,4474523.069,2
-325936.1104,4469764.453,2
-328022.9611,4470254.652,2
-328128.2034,4468906.469,2
-328054.9044,4468964.201,2
-324844.5492,4475462.14,2
-329717.4783,4468595.939,2
-325984.1976,4469906.033,2
-328114.3129,4470620.541,2
-328763.234,4473248.674,2
-50567.75288,3683199.563,2
-326162.8545,4470095.566,2
-326117.6464,4469928.652,2
-325123.0261,4474182.577,2
-325116.8639,4474068.198,2
-325962.1129,4469832.669,2
-326333.5839,4471803.198,2
-328054.4275,4468934.523,2
-45978.35702,3568478.637,1
-327997.0278,4470752.13,1
-320064.1939,4473230.362,1
-297953.293,4484729.356,1
-38383.82496,3520524.675,1
-38213.99389,3520781.086,1
-314361.1193,4462511.969,1
-322914.0336,4472277.652,1
-325006.5122,4476815.401,1
-331111.7443,4475038.117,1
-333270.6981,4464970.442,1
-324093.0409,4468368.829,1
-328369.6897,4467815.564,1
-327123.5762,4473654.457,1
-328151.7419,4469962.451,1
-45907.70241,3568902.627,1
-316292.3251,4471137.726,1
-328195.2652,4467776.893,1
-329080.9171,4472215.504,1
-325904.3127,4469777.254,1
-50487.1862,3683163.361,1
